id,name,ENTR,HIST,NSCI,TECH,ECMY,SSCI,HLTH,CSMR,GOVM,RELG,CULT,FOOD,SPRT,GEOG,ECOL,PPLE
656,"Acid",0,0,2,0,0,0,0,0,0,0,0,0,0,0,0,0
666,"Alkali metal",0,0,2,0,0,0,0,0,0,0,0,0,0,0,0,0
674,"Anatomy",0,0,2,0,0,0,0,0,0,0,0,0,0,0,0,0
898,"Antimony",0,0,2,0,0,0,0,0,0,0,0,0,0,0,0,0
899,"Actinium",0,0,2,0,0,0,0,0,0,0,0,0,0,0,0,0
900,"Americium",0,0,2,0,0,0,0,0,0,0,0,0,0,0,0,0
904,"Aluminium",0,0,2,0,0,0,0,0,0,0,0,0,0,0,0,0
1187,"Alloy",0,0,2,0,0,0,0,0,0,0,0,0,0,0,0,0
1200,"Atomic physics",0,0,2,0,0,0,0,0,0,0,0,0,0,0,0,0
1206,"Atomic orbital",0,0,2,0,0,0,0,0,0,0,0,0,0,0,0,0
1317,"Antimatter",0,0,2,0,0,0,0,0,0,0,0,0,0,0,0,0
1327,"Antiparticle",0,0,2,0,0,0,0,0,0,0,0,0,0,0,0,0
1573,"Albertus Magnus",0,0,2,0,0,0,0,0,0,0,0,0,0,0,0,0
1839,"Allotropy",0,0,2,0,0,0,0,0,0,0,0,0,0,0,0,0
1997,"Algebraic geometry",0,0,2,0,0,0,0,0,0,0,0,0,0,0,0,0
2308,"Actinide",0,0,2,0,0,0,0,0,0,0,0,0,0,0,0,0
2389,"Auger effect",0,0,2,0,0,0,0,0,0,0,0,0,0,0,0,0
2408,"Analytical chemistry",0,0,2,0,0,0,0,0,0,0,0,0,0,0,0,0
2787,"Astrobiology",0,0,2,0,0,0,0,0,0,0,0,0,0,0,0,0
2844,"Atomic theory",0,0,2,0,0,0,0,0,0,0,0,0,0,0,0,0
3038,"Acid–base reaction",0,0,2,0,0,0,0,0,0,0,0,0,0,0,0,0
3954,"Biochemistry",0,0,2,0,0,0,0,0,0,0,0,0,0,0,0,0
4493,"Outline of biology",0,0,2,0,0,0,0,0,0,0,0,0,0,0,0,0
4831,"Bohr model",0,0,2,0,0,0,0,0,0,0,0,0,0,0,0,0
5180,"Chemistry",0,0,2,0,0,0,0,0,0,0,0,0,0,0,0,0
5636,"Chemist",0,0,2,0,0,0,0,0,0,0,0,0,0,0,0,0
5659,"Chemical element",0,0,2,0,0,0,0,0,0,0,0,0,0,0,0,0
5863,"Copenhagen interpretation",0,0,2,0,0,0,0,0,0,0,0,0,0,0,0,0
7445,"Classification of finite simple groups",0,0,2,0,0,0,0,0,0,0,0,0,0,0,0,0
8200,"Timeline of chemical element discoveries",0,0,2,0,0,0,0,0,0,0,0,0,0,0,0,0
8398,"Dimension",0,0,2,0,0,0,0,0,0,0,0,0,0,0,0,0
8667,"Double-slit experiment",0,0,2,0,0,0,0,0,0,0,0,0,0,0,0,0
9476,"Electron",0,0,2,0,0,0,0,0,0,0,0,0,0,0,0,0
9804,"Electric charge",0,0,2,0,0,0,0,0,0,0,0,0,0,0,0,0
10103,"Electroweak interaction",0,0,2,0,0,0,0,0,0,0,0,0,0,0,0,0
11274,"Elementary particle",0,0,2,0,0,0,0,0,0,0,0,0,0,0,0,0
12241,"Gallium",0,0,2,0,0,0,0,0,0,0,0,0,0,0,0,0
12242,"Germanium",0,0,2,0,0,0,0,0,0,0,0,0,0,0,0,0
12666,"Gluon",0,0,2,0,0,0,0,0,0,0,0,0,0,0,0,0
13466,"Hafnium",0,0,2,0,0,0,0,0,0,0,0,0,0,0,0,0
13758,"History of physics",0,0,2,0,0,0,0,0,0,0,0,0,0,0,0,0
15507,"Carbon compounds",0,0,2,0,0,0,0,0,0,0,0,0,0,0,0,0
18831,"Mathematics",0,0,2,0,0,0,0,0,0,0,0,0,0,0,0,0
18902,"Mathematician",0,0,2,0,0,0,0,0,0,0,0,0,0,0,0,0
20398,"Muonium",0,0,2,0,0,0,0,0,0,0,0,0,0,0,0,0
20728,"Mathematical formulation of quantum mechanics",0,0,2,0,0,0,0,0,0,0,0,0,0,0,0,0
22939,"Physics",0,0,2,0,0,0,0,0,0,0,0,0,0,0,0,0
23053,"Periodic table",0,0,2,0,0,0,0,0,0,0,0,0,0,0,0,0
23269,"Physicist",0,0,2,0,0,0,0,0,0,0,0,0,0,0,0,0
23322,"Protactinium",0,0,2,0,0,0,0,0,0,0,0,0,0,0,0,0
23633,"List of physicists",0,0,2,0,0,0,0,0,0,0,0,0,0,0,0,0
24489,"Outline of physics",0,0,2,0,0,0,0,0,0,0,0,0,0,0,0,0
25202,"Quantum mechanics",0,0,2,0,0,0,0,0,0,0,0,0,0,0,0,0
25211,"Quantum chemistry",0,0,2,0,0,0,0,0,0,0,0,0,0,0,0,0
25603,"Rhenium",0,0,2,0,0,0,0,0,0,0,0,0,0,0,0,0
30041,"Technetium",0,0,2,0,0,0,0,0,0,0,0,0,0,0,0,0
34241,"Ytterby",0,0,2,0,0,0,0,0,0,0,0,0,0,0,0,0
37411,"Alkaline earth metal",0,0,2,0,0,0,0,0,0,0,0,0,0,0,0,0
37854,"Antimatter rocket",0,0,2,0,0,0,0,0,0,0,0,0,0,0,0,0
39185,"Johan August Arfwedson",0,0,2,0,0,0,0,0,0,0,0,0,0,0,0,0
40646,"Brun's constant",0,0,2,0,0,0,0,0,0,0,0,0,0,0,0,0
41891,"Stable nuclide",0,0,2,0,0,0,0,0,0,0,0,0,0,0,0,0
44596,"Positronium",0,0,2,0,0,0,0,0,0,0,0,0,0,0,0,0
45307,"Atomic electron transition",0,0,2,0,0,0,0,0,0,0,0,0,0,0,0,0
47687,"Cosmic ray",0,0,2,0,0,0,0,0,0,0,0,0,0,0,0,0
50237,"Robert Boyle",0,0,2,0,0,0,0,0,0,0,0,0,0,0,0,0
51331,"Dimensionless quantity",0,0,2,0,0,0,0,0,0,0,0,0,0,0,0,0
52081,"Antihydrogen",0,0,2,0,0,0,0,0,0,0,0,0,0,0,0,0
53217,"Exotic atom",0,0,2,0,0,0,0,0,0,0,0,0,0,0,0,0
53218,"Pionium",0,0,2,0,0,0,0,0,0,0,0,0,0,0,0,0
54717,"De Broglie–Bohm theory",0,0,2,0,0,0,0,0,0,0,0,0,0,0,0,0
54738,"Interpretations of quantum mechanics",0,0,2,0,0,0,0,0,0,0,0,0,0,0,0,0
55236,"Compton scattering",0,0,2,0,0,0,0,0,0,0,0,0,0,0,0,0
56369,"Bell's theorem",0,0,2,0,0,0,0,0,0,0,0,0,0,0,0,0
57555,"Acid dissociation constant",0,0,2,0,0,0,0,0,0,0,0,0,0,0,0,0
59018,"List of biologists",0,0,2,0,0,0,0,0,0,0,0,0,0,0,0,0
63243,"Chemical symbol",0,0,2,0,0,0,0,0,0,0,0,0,0,0,0,0
66394,"Island of stability",0,0,2,0,0,0,0,0,0,0,0,0,0,0,0,0
66400,"Transfermium Wars",0,0,2,0,0,0,0,0,0,0,0,0,0,0,0,0
67513,"Systematic element name",0,0,2,0,0,0,0,0,0,0,0,0,0,0,0,0
68326,"Extended periodic table",0,0,2,0,0,0,0,0,0,0,0,0,0,0,0,0
68485,"Jurassic Park (film)",0,0,2,0,0,0,0,0,0,0,0,0,0,0,0,0
71268,"Astrochemistry",0,0,2,0,0,0,0,0,0,0,0,0,0,0,0,0
80144,"List of chemists",0,0,2,0,0,0,0,0,0,0,0,0,0,0,0,0
84715,"Mendeleev's predicted elements",0,0,2,0,0,0,0,0,0,0,0,0,0,0,0,0
142456,"Good Will Hunting",0,0,2,0,0,0,0,0,0,0,0,0,0,0,0,0
144929,"Boron group",0,0,2,0,0,0,0,0,0,0,0,0,0,0,0,0
151577,"Causality (physics)",0,0,2,0,0,0,0,0,0,0,0,0,0,0,0,0
152464,"Nuclide",0,0,2,0,0,0,0,0,0,0,0,0,0,0,0,0
161293,"Amphoterism",0,0,2,0,0,0,0,0,0,0,0,0,0,0,0,0
174705,"Algebraic number theory",0,0,2,0,0,0,0,0,0,0,0,0,0,0,0,0
188935,"Bose–Einstein statistics",0,0,2,0,0,0,0,0,0,0,0,0,0,0,0,0
189819,"Carl Auer von Welsbach",0,0,2,0,0,0,0,0,0,0,0,0,0,0,0,0
191838,"Antoine Jérôme Balard",0,0,2,0,0,0,0,0,0,0,0,0,0,0,0,0
192123,"Index of accounting articles",0,0,2,0,0,0,0,0,0,0,0,0,0,0,0,0
209874,"Density functional theory",0,0,2,0,0,0,0,0,0,0,0,0,0,0,0,0
211602,"Hidden-variable theory",0,0,2,0,0,0,0,0,0,0,0,0,0,0,0,0
212616,"Electronic structure",0,0,2,0,0,0,0,0,0,0,0,0,0,0,0,0
213968,"Relative atomic mass",0,0,2,0,0,0,0,0,0,0,0,0,0,0,0,0
220090,"Index of anatomy articles",0,0,2,0,0,0,0,0,0,0,0,0,0,0,0,0
222685,"Dilithium",0,0,2,0,0,0,0,0,0,0,0,0,0,0,0,0
223876,"Index of biology articles",0,0,2,0,0,0,0,0,0,0,0,0,0,0,0,0
232952,"Degeneracy (mathematics)",0,0,2,0,0,0,0,0,0,0,0,0,0,0,0,0
237630,"Electron density",0,0,2,0,0,0,0,0,0,0,0,0,0,0,0,0
241027,"Down quark",0,0,2,0,0,0,0,0,0,0,0,0,0,0,0,0
241028,"Charm quark",0,0,2,0,0,0,0,0,0,0,0,0,0,0,0,0
241030,"Bottom quark",0,0,2,0,0,0,0,0,0,0,0,0,0,0,0,0
241034,"Electron neutrino",0,0,2,0,0,0,0,0,0,0,0,0,0,0,0,0
289878,"Field theory (mathematics)",0,0,2,0,0,0,0,0,0,0,0,0,0,0,0,0
291472,"Lattice model (physics)",0,0,2,0,0,0,0,0,0,0,0,0,0,0,0,0
298448,"Cosmochemistry",0,0,2,0,0,0,0,0,0,0,0,0,0,0,0,0
304774,"Coincidence circuit",0,0,2,0,0,0,0,0,0,0,0,0,0,0,0,0
335054,"Axion",0,0,2,0,0,0,0,0,0,0,0,0,0,0,0,0
342127,"Anti-gravity",0,0,2,0,0,0,0,0,0,0,0,0,0,0,0,0
346133,"Annihilation",0,0,2,0,0,0,0,0,0,0,0,0,0,0,0,0
349735,"Baryon number",0,0,2,0,0,0,0,0,0,0,0,0,0,0,0,0
351549,"List of algebraic geometry topics",0,0,2,0,0,0,0,0,0,0,0,0,0,0,0,0
352181,"List of abstract algebra topics",0,0,2,0,0,0,0,0,0,0,0,0,0,0,0,0
364478,"Absorption spectroscopy",0,0,2,0,0,0,0,0,0,0,0,0,0,0,0,0
365510,"Index of biochemistry articles",0,0,2,0,0,0,0,0,0,0,0,0,0,0,0,0
366436,"Active and passive transformation",0,0,2,0,0,0,0,0,0,0,0,0,0,0,0,0
381805,"Franck–Hertz experiment",0,0,2,0,0,0,0,0,0,0,0,0,0,0,0,0
392828,"Abundance of the chemical elements",0,0,2,0,0,0,0,0,0,0,0,0,0,0,0,0
416820,"Albert Einstein World Award of Science",0,0,2,0,0,0,0,0,0,0,0,0,0,0,0,0
424420,"Accelerator physics",0,0,2,0,0,0,0,0,0,0,0,0,0,0,0,0
429789,"Coupled cluster",0,0,2,0,0,0,0,0,0,0,0,0,0,0,0,0
439497,"Classical limit",0,0,2,0,0,0,0,0,0,0,0,0,0,0,0,0
453626,"Strangeness",0,0,2,0,0,0,0,0,0,0,0,0,0,0,0,0
456132,"List of scientific constants named after people",0,0,2,0,0,0,0,0,0,0,0,0,0,0,0,0
457891,"Philip Abelson",0,0,2,0,0,0,0,0,0,0,0,0,0,0,0,0
460110,"Schrödinger's Cat Trilogy",0,0,2,0,0,0,0,0,0,0,0,0,0,0,0,0
474107,"BaBar experiment",0,0,2,0,0,0,0,0,0,0,0,0,0,0,0,0
481678,"Archimedean point",0,0,2,0,0,0,0,0,0,0,0,0,0,0,0,0
502205,"Diophantine geometry",0,0,2,0,0,0,0,0,0,0,0,0,0,0,0,0
524124,"Hypercharge",0,0,2,0,0,0,0,0,0,0,0,0,0,0,0,0
527369,"Lists of mathematics topics",0,0,2,0,0,0,0,0,0,0,0,0,0,0,0,0
537026,"List of mathematical topics in quantum theory",0,0,2,0,0,0,0,0,0,0,0,0,0,0,0,0
543092,"Chemical elements in East Asian languages",0,0,2,0,0,0,0,0,0,0,0,0,0,0,0,0
544919,"Eadie–Hofstee diagram",0,0,2,0,0,0,0,0,0,0,0,0,0,0,0,0
548687,"Peter Armbruster",0,0,2,0,0,0,0,0,0,0,0,0,0,0,0,0
594874,"Autoionization",0,0,2,0,0,0,0,0,0,0,0,0,0,0,0,0
644550,"Higgs mechanism",0,0,2,0,0,0,0,0,0,0,0,0,0,0,0,0
672218,"Isospin",0,0,2,0,0,0,0,0,0,0,0,0,0,0,0,0
701127,"Electroweak scale",0,0,2,0,0,0,0,0,0,0,0,0,0,0,0,0
706999,"Atmospheric chemistry",0,0,2,0,0,0,0,0,0,0,0,0,0,0,0,0
719534,"Biological carbon fixation",0,0,2,0,0,0,0,0,0,0,0,0,0,0,0,0
722672,"Fauna",0,0,2,0,0,0,0,0,0,0,0,0,0,0,0,0
758727,"Charged particle beam",0,0,2,0,0,0,0,0,0,0,0,0,0,0,0,0
778246,"Flora",0,0,2,0,0,0,0,0,0,0,0,0,0,0,0,0
796928,"Consistent histories",0,0,2,0,0,0,0,0,0,0,0,0,0,0,0,0
817384,"Period 8 element",0,0,2,0,0,0,0,0,0,0,0,0,0,0,0,0
893337,"Local hidden-variable theory",0,0,2,0,0,0,0,0,0,0,0,0,0,0,0,0
1025272,"Bohr–Einstein debates",0,0,2,0,0,0,0,0,0,0,0,0,0,0,0,0
1043627,"Biomedicine",0,0,2,0,0,0,0,0,0,0,0,0,0,0,0,0
1062015,"Associated Legendre polynomials",0,0,2,0,0,0,0,0,0,0,0,0,0,0,0,0
1072857,"Biosignature",0,0,2,0,0,0,0,0,0,0,0,0,0,0,0,0
1074543,"Coronium",0,0,2,0,0,0,0,0,0,0,0,0,0,0,0,0
1083721,"Cabibbo–Kobayashi–Maskawa matrix",0,0,2,0,0,0,0,0,0,0,0,0,0,0,0,0
1089240,"Bisulfide",0,0,2,0,0,0,0,0,0,0,0,0,0,0,0,0
1105488,"Classification of Clifford algebras",0,0,2,0,0,0,0,0,0,0,0,0,0,0,0,0
1146459,"Protonium",0,0,2,0,0,0,0,0,0,0,0,0,0,0,0,0
1168506,"List of algebraic number theory topics",0,0,2,0,0,0,0,0,0,0,0,0,0,0,0,0
1190887,"Pilot wave theory",0,0,2,0,0,0,0,0,0,0,0,0,0,0,0,0
1217124,"CERN Axion Solar Telescope",0,0,2,0,0,0,0,0,0,0,0,0,0,0,0,0
1246386,"Unbibium",0,0,2,0,0,0,0,0,0,0,0,0,0,0,0,0
1277825,"Angular momentum coupling",0,0,2,0,0,0,0,0,0,0,0,0,0,0,0,0
1285524,"LHCb experiment",0,0,2,0,0,0,0,0,0,0,0,0,0,0,0,0
1331587,"B − L",0,0,2,0,0,0,0,0,0,0,0,0,0,0,0,0
1331789,"Lepton number",0,0,2,0,0,0,0,0,0,0,0,0,0,0,0,0
1337579,"Areas of mathematics",0,0,2,0,0,0,0,0,0,0,0,0,0,0,0,0
1348989,"Numbers (TV series)",0,0,2,0,0,0,0,0,0,0,0,0,0,0,0,0
1359360,"Ansatz",0,0,2,0,0,0,0,0,0,0,0,0,0,0,0,0
1410431,"Bethe lattice",0,0,2,0,0,0,0,0,0,0,0,0,0,0,0,0
1427251,"Alkalinity",0,0,2,0,0,0,0,0,0,0,0,0,0,0,0,0
1446277,"Bessel's inequality",0,0,2,0,0,0,0,0,0,0,0,0,0,0,0,0
1465195,"List of clinically important bacteria",0,0,2,0,0,0,0,0,0,0,0,0,0,0,0,0
1474467,"Compton wavelength",0,0,2,0,0,0,0,0,0,0,0,0,0,0,0,0
1524630,"Alternatives to the Standard Higgs Model",0,0,2,0,0,0,0,0,0,0,0,0,0,0,0,0
1564226,"Aufbau principle",0,0,2,0,0,0,0,0,0,0,0,0,0,0,0,0
1600866,"Jellium",0,0,2,0,0,0,0,0,0,0,0,0,0,0,0,0
1623956,"Charm (quantum number)",0,0,2,0,0,0,0,0,0,0,0,0,0,0,0,0
1624276,"Bottomness",0,0,2,0,0,0,0,0,0,0,0,0,0,0,0,0
1624397,"Topness",0,0,2,0,0,0,0,0,0,0,0,0,0,0,0,0
1629320,"Attenuation length",0,0,2,0,0,0,0,0,0,0,0,0,0,0,0,0
1663537,"Allometry",0,0,2,0,0,0,0,0,0,0,0,0,0,0,0,0
1686272,"Chemical biology",0,0,2,0,0,0,0,0,0,0,0,0,0,0,0,0
1786925,"Acid value",0,0,2,0,0,0,0,0,0,0,0,0,0,0,0,0
1828131,"Davisson–Germer experiment",0,0,2,0,0,0,0,0,0,0,0,0,0,0,0,0
1831996,"B Reactor",0,0,2,0,0,0,0,0,0,0,0,0,0,0,0,0
1877286,"Classical Heisenberg model",0,0,2,0,0,0,0,0,0,0,0,0,0,0,0,0
1882219,"List of algebraic coding theory topics",0,0,2,0,0,0,0,0,0,0,0,0,0,0,0,0
1919103,"Adsorption Method for Sampling of Dioxins and Furans",0,0,2,0,0,0,0,0,0,0,0,0,0,0,0,0
1928465,"Flavour (particle physics)",0,0,2,0,0,0,0,0,0,0,0,0,0,0,0,0
1973177,"Arithmetic geometry",0,0,2,0,0,0,0,0,0,0,0,0,0,0,0,0
2032832,"Antiprotonic helium",0,0,2,0,0,0,0,0,0,0,0,0,0,0,0,0
2121149,"Basis set (chemistry)",0,0,2,0,0,0,0,0,0,0,0,0,0,0,0,0
2138223,"Aeronomy",0,0,2,0,0,0,0,0,0,0,0,0,0,0,0,0
2152181,"List of chemical elements",0,0,2,0,0,0,0,0,0,0,0,0,0,0,0,0
2174011,"Avoided crossing",0,0,2,0,0,0,0,0,0,0,0,0,0,0,0,0
2177071,"B-tagging",0,0,2,0,0,0,0,0,0,0,0,0,0,0,0,0
2178570,"Cosmic dust",0,0,2,0,0,0,0,0,0,0,0,0,0,0,0,0
2216711,"Apéry's constant",0,0,2,0,0,0,0,0,0,0,0,0,0,0,0,0
2240748,"Alabamium",0,0,2,0,0,0,0,0,0,0,0,0,0,0,0,0
2240856,"Berzelium",0,0,2,0,0,0,0,0,0,0,0,0,0,0,0,0
2240860,"Ausenium",0,0,2,0,0,0,0,0,0,0,0,0,0,0,0,0
2242435,"Beam crossing",0,0,2,0,0,0,0,0,0,0,0,0,0,0,0,0
2286702,"Kaonic hydrogen",0,0,2,0,0,0,0,0,0,0,0,0,0,0,0,0
2286731,"Kaonium",0,0,2,0,0,0,0,0,0,0,0,0,0,0,0,0
2384768,"CHON",0,0,2,0,0,0,0,0,0,0,0,0,0,0,0,0
2403419,"Argonne Tandem Linear Accelerator System",0,0,2,0,0,0,0,0,0,0,0,0,0,0,0,0
2426058,"Proof (2005 film)",0,0,2,0,0,0,0,0,0,0,0,0,0,0,0,0
2452242,"List of anatomical isthmi",0,0,2,0,0,0,0,0,0,0,0,0,0,0,0,0
2485377,"List of baryons",0,0,2,0,0,0,0,0,0,0,0,0,0,0,0,0
2489512,"Anamorphosis",0,0,2,0,0,0,0,0,0,0,0,0,0,0,0,0
2524759,"Feynmanium",0,0,2,0,0,0,0,0,0,0,0,0,0,0,0,0
2537522,"Biologist",0,0,2,0,0,0,0,0,0,0,0,0,0,0,0,0
2539973,"Unbiennium",0,0,2,0,0,0,0,0,0,0,0,0,0,0,0,0
2599252,"Hennig Brand",0,0,2,0,0,0,0,0,0,0,0,0,0,0,0,0
2661487,"Classification of discontinuities",0,0,2,0,0,0,0,0,0,0,0,0,0,0,0,0
2794117,"History of the Big Bang theory",0,0,2,0,0,0,0,0,0,0,0,0,0,0,0,0
2796131,"Introduction to quantum mechanics",0,0,2,0,0,0,0,0,0,0,0,0,0,0,0,0
2832569,"Belle experiment",0,0,2,0,0,0,0,0,0,0,0,0,0,0,0,0
2843479,"Atoms in molecules",0,0,2,0,0,0,0,0,0,0,0,0,0,0,0,0
2882938,"Beverly Clock",0,0,2,0,0,0,0,0,0,0,0,0,0,0,0,0
2883833,"HERA-B",0,0,2,0,0,0,0,0,0,0,0,0,0,0,0,0
2933361,"Quantum calculus",0,0,2,0,0,0,0,0,0,0,0,0,0,0,0,0
3008091,"Mathematics Subject Classification",0,0,2,0,0,0,0,0,0,0,0,0,0,0,0,0
3029260,"Enriques–Kodaira classification",0,0,2,0,0,0,0,0,0,0,0,0,0,0,0,0
3073462,"Elliptic surface",0,0,2,0,0,0,0,0,0,0,0,0,0,0,0,0
3074037,"ARGUS distribution",0,0,2,0,0,0,0,0,0,0,0,0,0,0,0,0
3085316,"Commonly used gamma-emitting isotopes",0,0,2,0,0,0,0,0,0,0,0,0,0,0,0,0
3093672,"Common beta emitters",0,0,2,0,0,0,0,0,0,0,0,0,0,0,0,0
3146707,"Local-density approximation",0,0,2,0,0,0,0,0,0,0,0,0,0,0,0,0
3209677,"Outline of biochemistry",0,0,2,0,0,0,0,0,0,0,0,0,0,0,0,0
3290814,"List of chemical element name etymologies",0,0,2,0,0,0,0,0,0,0,0,0,0,0,0,0
3311522,"Alternative periodic tables",0,0,2,0,0,0,0,0,0,0,0,0,0,0,0,0
3339367,"Elitzur–Vaidman bomb tester",0,0,2,0,0,0,0,0,0,0,0,0,0,0,0,0
3343262,"List of accelerators in particle physics",0,0,2,0,0,0,0,0,0,0,0,0,0,0,0,0
3458824,"Event generator",0,0,2,0,0,0,0,0,0,0,0,0,0,0,0,0
3465811,"Generalized valence bond",0,0,2,0,0,0,0,0,0,0,0,0,0,0,0,0
3522475,"List of synchrotron radiation facilities",0,0,2,0,0,0,0,0,0,0,0,0,0,0,0,0
3525599,"Custodial symmetry",0,0,2,0,0,0,0,0,0,0,0,0,0,0,0,0
3569822,"A Beautiful Mind (film)",0,0,2,0,0,0,0,0,0,0,0,0,0,0,0,0
3618030,"Astrophysical maser",0,0,2,0,0,0,0,0,0,0,0,0,0,0,0,0
3659337,"Centre for High Energy Physics",0,0,2,0,0,0,0,0,0,0,0,0,0,0,0,0
3774763,"Michel parameters",0,0,2,0,0,0,0,0,0,0,0,0,0,0,0,0
3790812,"Kochen–Specker theorem",0,0,2,0,0,0,0,0,0,0,0,0,0,0,0,0
3840763,"Christofilos effect",0,0,2,0,0,0,0,0,0,0,0,0,0,0,0,0
3929318,"Biocybernetics",0,0,2,0,0,0,0,0,0,0,0,0,0,0,0,0
3955450,"Neutral current",0,0,2,0,0,0,0,0,0,0,0,0,0,0,0,0
4027336,"1,2-DCE",0,0,2,0,0,0,0,0,0,0,0,0,0,0,0,0
4027790,"1,1-DCE",0,0,2,0,0,0,0,0,0,0,0,0,0,0,0,0
4165631,"List of films about mathematicians",0,0,2,0,0,0,0,0,0,0,0,0,0,0,0,0
4253950,"List of elements by stability of isotopes",0,0,2,0,0,0,0,0,0,0,0,0,0,0,0,0
4305644,"Basis set superposition error",0,0,2,0,0,0,0,0,0,0,0,0,0,0,0,0
4457082,"Kohn–Sham equations",0,0,2,0,0,0,0,0,0,0,0,0,0,0,0,0
4576710,"Classification theorem",0,0,2,0,0,0,0,0,0,0,0,0,0,0,0,0
4876457,"Acid phosphatase",0,0,2,0,0,0,0,0,0,0,0,0,0,0,0,0
5111982,"Agricultural chemistry",0,0,2,0,0,0,0,0,0,0,0,0,0,0,0,0
5178946,"AIDA (computing)",0,0,2,0,0,0,0,0,0,0,0,0,0,0,0,0
5220510,"List of centroids",0,0,2,0,0,0,0,0,0,0,0,0,0,0,0,0
5816420,"Center of curvature",0,0,2,0,0,0,0,0,0,0,0,0,0,0,0,0
5847302,"Outline of algebraic structures",0,0,2,0,0,0,0,0,0,0,0,0,0,0,0,0
5926889,"Atomic and molecular astrophysics",0,0,2,0,0,0,0,0,0,0,0,0,0,0,0,0
6151908,"Actinide concept",0,0,2,0,0,0,0,0,0,0,0,0,0,0,0,0
6334337,"B-factory",0,0,2,0,0,0,0,0,0,0,0,0,0,0,0,0
6469477,"Charged current",0,0,2,0,0,0,0,0,0,0,0,0,0,0,0,0
6473570,"Outline of algebra",0,0,2,0,0,0,0,0,0,0,0,0,0,0,0,0
6690773,"Compact operator on Hilbert space",0,0,2,0,0,0,0,0,0,0,0,0,0,0,0,0
6770335,"Car–Parrinello molecular dynamics",0,0,2,0,0,0,0,0,0,0,0,0,0,0,0,0
6786507,"Ab initio multiple spawning",0,0,2,0,0,0,0,0,0,0,0,0,0,0,0,0
6898571,"ANNNI model",0,0,2,0,0,0,0,0,0,0,0,0,0,0,0,0
6932634,"Gregori Aminoff Prize",0,0,2,0,0,0,0,0,0,0,0,0,0,0,0,0
7035802,"Astroparticle physics",0,0,2,0,0,0,0,0,0,0,0,0,0,0,0,0
7153296,"List of common physics notations",0,0,2,0,0,0,0,0,0,0,0,0,0,0,0,0
7185405,"Cahen's constant",0,0,2,0,0,0,0,0,0,0,0,0,0,0,0,0
7185509,"Category of finite-dimensional Hilbert spaces",0,0,2,0,0,0,0,0,0,0,0,0,0,0,0,0
7290910,"B–Bbar oscillation",0,0,2,0,0,0,0,0,0,0,0,0,0,0,0,0
7392872,"Ensemble interpretation",0,0,2,0,0,0,0,0,0,0,0,0,0,0,0,0
7490163,"Atmospheric Chemistry and Physics",0,0,2,0,0,0,0,0,0,0,0,0,0,0,0,0
8202081,"Cellular Potts model",0,0,2,0,0,0,0,0,0,0,0,0,0,0,0,0
8203600,"Cotlar–Stein lemma",0,0,2,0,0,0,0,0,0,0,0,0,0,0,0,0
8280867,"List of animals by number of neurons",0,0,2,0,0,0,0,0,0,0,0,0,0,0,0,0
8371384,"3-j symbol",0,0,2,0,0,0,0,0,0,0,0,0,0,0,0,0
8489464,"331 model",0,0,2,0,0,0,0,0,0,0,0,0,0,0,0,0
8673754,"List of second moments of area",0,0,2,0,0,0,0,0,0,0,0,0,0,0,0,0
8720264,"History of the battery",0,0,2,0,0,0,0,0,0,0,0,0,0,0,0,0
8901379,"Bogolyubov Prize for young scientists",0,0,2,0,0,0,0,0,0,0,0,0,0,0,0,0
8925452,"6-j symbol",0,0,2,0,0,0,0,0,0,0,0,0,0,0,0,0
8926217,"Alternating Gradient Synchrotron",0,0,2,0,0,0,0,0,0,0,0,0,0,0,0,0
9127632,"Biology",0,0,2,0,0,0,0,0,0,0,0,0,0,0,0,0
9330860,"Accepted and experimental value",0,0,2,0,0,0,0,0,0,0,0,0,0,0,0,0
9366136,"Anomalous electric dipole moment",0,0,2,0,0,0,0,0,0,0,0,0,0,0,0,0
9913028,"Annihilation radiation",0,0,2,0,0,0,0,0,0,0,0,0,0,0,0,0
10325676,"Hybrid functional",0,0,2,0,0,0,0,0,0,0,0,0,0,0,0,0
10422205,"Classification of Fatou components",0,0,2,0,0,0,0,0,0,0,0,0,0,0,0,0
10424879,"Carbon label",0,0,2,0,0,0,0,0,0,0,0,0,0,0,0,0
10433895,"21 (2008 film)",0,0,2,0,0,0,0,0,0,0,0,0,0,0,0,0
10658132,"Abundance of elements in Earth's crust",0,0,2,0,0,0,0,0,0,0,0,0,0,0,0,0
11076807,"Céa's lemma",0,0,2,0,0,0,0,0,0,0,0,0,0,0,0,0
11115532,"Aspera European Astroparticle network",0,0,2,0,0,0,0,0,0,0,0,0,0,0,0,0
11253084,"Atomic form factor",0,0,2,0,0,0,0,0,0,0,0,0,0,0,0,0
11483347,"Chemical probe",0,0,2,0,0,0,0,0,0,0,0,0,0,0,0,0
11716544,"Classical fluid",0,0,2,0,0,0,0,0,0,0,0,0,0,0,0,0
11791198,"Bioclimatology",0,0,2,0,0,0,0,0,0,0,0,0,0,0,0,0
11875899,"American Vacuum Society",0,0,2,0,0,0,0,0,0,0,0,0,0,0,0,0
12201130,"Acid neutralizing capacity",0,0,2,0,0,0,0,0,0,0,0,0,0,0,0,0
12387417,"Anselme Payen Award",0,0,2,0,0,0,0,0,0,0,0,0,0,0,0,0
12437648,"Antisymmetrizer",0,0,2,0,0,0,0,0,0,0,0,0,0,0,0,0
12682348,"Bone seeker",0,0,2,0,0,0,0,0,0,0,0,0,0,0,0,0
12780114,"Adenylylation",0,0,2,0,0,0,0,0,0,0,0,0,0,0,0,0
13009264,"Asa Gray Award",0,0,2,0,0,0,0,0,0,0,0,0,0,0,0,0
13236337,"Di-positronium",0,0,2,0,0,0,0,0,0,0,0,0,0,0,0,0
13976612,"Harris functional",0,0,2,0,0,0,0,0,0,0,0,0,0,0,0,0
14069478,"Classification of manifolds",0,0,2,0,0,0,0,0,0,0,0,0,0,0,0,0
14096583,"Period 9 element",0,0,2,0,0,0,0,0,0,0,0,0,0,0,0,0
14254349,"Aluminon",0,0,2,0,0,0,0,0,0,0,0,0,0,0,0,0
14275704,"Foundational Questions Institute",0,0,2,0,0,0,0,0,0,0,0,0,0,0,0,0
14444088,"Positronium hydride",0,0,2,0,0,0,0,0,0,0,0,0,0,0,0,0
14603289,"Fazia",0,0,2,0,0,0,0,0,0,0,0,0,0,0,0,0
14782739,"Alfred Stock Memorial Prize",0,0,2,0,0,0,0,0,0,0,0,0,0,0,0,0
15442568,"Aberdeen Tunnel Underground Laboratory",0,0,2,0,0,0,0,0,0,0,0,0,0,0,0,0
15542628,"1.96",0,0,2,0,0,0,0,0,0,0,0,0,0,0,0,0
16228010,"Ghirardi–Rimini–Weber theory",0,0,2,0,0,0,0,0,0,0,0,0,0,0,0,0
16365209,"B meson",0,0,2,0,0,0,0,0,0,0,0,0,0,0,0,0
16365986,"Backhouse's constant",0,0,2,0,0,0,0,0,0,0,0,0,0,0,0,0
16383510,"Bernstein's constant",0,0,2,0,0,0,0,0,0,0,0,0,0,0,0,0
16597366,"Acoplanarity",0,0,2,0,0,0,0,0,0,0,0,0,0,0,0,0
16711283,"BKS theory",0,0,2,0,0,0,0,0,0,0,0,0,0,0,0,0
16899513,"Atomic fountain",0,0,2,0,0,0,0,0,0,0,0,0,0,0,0,0
17156914,"Computational particle physics",0,0,2,0,0,0,0,0,0,0,0,0,0,0,0,0
17157367,"Automatic calculation of particle interaction or decay",0,0,2,0,0,0,0,0,0,0,0,0,0,0,0,0
18226967,"Antiproton Decelerator",0,0,2,0,0,0,0,0,0,0,0,0,0,0,0,0
18504176,"Amateur chemistry",0,0,2,0,0,0,0,0,0,0,0,0,0,0,0,0
18974136,"Mathematical beauty",0,0,2,0,0,0,0,0,0,0,0,0,0,0,0,0
18987057,"List of chemical elements naming controversies",0,0,2,0,0,0,0,0,0,0,0,0,0,0,0,0
19454733,"Constant-resistance network",0,0,2,0,0,0,0,0,0,0,0,0,0,0,0,0
19557886,"Bunsen–Kirchhoff Award",0,0,2,0,0,0,0,0,0,0,0,0,0,0,0,0
19600416,"Isotope",0,0,2,0,0,0,0,0,0,0,0,0,0,0,0,0
19653842,"Organism",0,0,2,0,0,0,0,0,0,0,0,0,0,0,0,0
19777655,"List of elements by atomic properties",0,0,2,0,0,0,0,0,0,0,0,0,0,0,0,0
19989961,"Otto Berg (scientist)",0,0,2,0,0,0,0,0,0,0,0,0,0,0,0,0
20206189,"Spekkens toy model",0,0,2,0,0,0,0,0,0,0,0,0,0,0,0,0
20212950,"Chameleon particle",0,0,2,0,0,0,0,0,0,0,0,0,0,0,0,0
20324690,"Archaeobiology",0,0,2,0,0,0,0,0,0,0,0,0,0,0,0,0
20556903,"Higgs boson",0,0,2,0,0,0,0,0,0,0,0,0,0,0,0,0
20598932,"Hilbert space",0,0,2,0,0,0,0,0,0,0,0,0,0,0,0,0
20859406,"Bogolyubov Prize",0,0,2,0,0,0,0,0,0,0,0,0,0,0,0,0
20937793,"4-MBC",0,0,2,0,0,0,0,0,0,0,0,0,0,0,0,0
21717048,"Bond fluctuation model",0,0,2,0,0,0,0,0,0,0,0,0,0,0,0,0
21855599,"Bogolyubov Prize (NASU)",0,0,2,0,0,0,0,0,0,0,0,0,0,0,0,0
22379986,"Element collecting",0,0,2,0,0,0,0,0,0,0,0,0,0,0,0,0
22468661,"Mathematics and art",0,0,2,0,0,0,0,0,0,0,0,0,0,0,0,0
22609470,"List of mathematical abbreviations",0,0,2,0,0,0,0,0,0,0,0,0,0,0,0,0
22688097,"Branches of physics",0,0,2,0,0,0,0,0,0,0,0,0,0,0,0,0
23145199,"Introduction to eigenstates",0,0,2,0,0,0,0,0,0,0,0,0,0,0,0,0
23541193,"Abdus Salam Centre for Physics",0,0,2,0,0,0,0,0,0,0,0,0,0,0,0,0
23701666,"Jöns Jacob Berzelius",0,0,2,0,0,0,0,0,0,0,0,0,0,0,0,0
23871249,"Anti-sidereal time",0,0,2,0,0,0,0,0,0,0,0,0,0,0,0,0
24018183,"Acharius Medal",0,0,2,0,0,0,0,0,0,0,0,0,0,0,0,0
24098077,"Bohemium",0,0,2,0,0,0,0,0,0,0,0,0,0,0,0,0
24098258,"Lattice density functional theory",0,0,2,0,0,0,0,0,0,0,0,0,0,0,0,0
24140526,"Anglohelvetium",0,0,2,0,0,0,0,0,0,0,0,0,0,0,0,0
24260892,"Austrium",0,0,2,0,0,0,0,0,0,0,0,0,0,0,0,0
24272303,"Carolinium",0,0,2,0,0,0,0,0,0,0,0,0,0,0,0,0
24383048,"Cherenkov radiation",0,0,2,0,0,0,0,0,0,0,0,0,0,0,0,0
24426569,"Transition (novel)",0,0,2,0,0,0,0,0,0,0,0,0,0,0,0,0
24428035,"Alpha oxidation",0,0,2,0,0,0,0,0,0,0,0,0,0,0,0,0
24443049,"Poul Bjørndahl Astrup",0,0,2,0,0,0,0,0,0,0,0,0,0,0,0,0
25197285,"Adamkiewicz reaction",0,0,2,0,0,0,0,0,0,0,0,0,0,0,0,0
25199791,"Alkalinium",0,0,2,0,0,0,0,0,0,0,0,0,0,0,0,0
25701172,"2,3-Butylene carbonate",0,0,2,0,0,0,0,0,0,0,0,0,0,0,0,0
25895209,"Bicentenary Medal of the Linnean Society",0,0,2,0,0,0,0,0,0,0,0,0,0,0,0,0
26372546,"American Institute of Chemists Gold Medal",0,0,2,0,0,0,0,0,0,0,0,0,0,0,0,0
26569682,"Clockwise",0,0,2,0,0,0,0,0,0,0,0,0,0,0,0,0
26994422,"List of algebraic constructions",0,0,2,0,0,0,0,0,0,0,0,0,0,0,0,0
27639095,"Antimatter tests of Lorentz violation",0,0,2,0,0,0,0,0,0,0,0,0,0,0,0,0
28047484,"Alfredo di Braccio Award",0,0,2,0,0,0,0,0,0,0,0,0,0,0,0,0
28306556,"Arctowski Medal",0,0,2,0,0,0,0,0,0,0,0,0,0,0,0,0
28898035,"Gravitational Wave International Committee",0,0,2,0,0,0,0,0,0,0,0,0,0,0,0,0
29193414,"Cubic harmonic",0,0,2,0,0,0,0,0,0,0,0,0,0,0,0,0
29504070,"Binary compounds of hydrogen",0,0,2,0,0,0,0,0,0,0,0,0,0,0,0,0
29631617,"Antimatter comet",0,0,2,0,0,0,0,0,0,0,0,0,0,0,0,0
29969297,"List of radioactive nuclides by half-life",0,0,2,0,0,0,0,0,0,0,0,0,0,0,0,0
30054770,"Biham–Middleton–Levine traffic model",0,0,2,0,0,0,0,0,0,0,0,0,0,0,0,0
30778041,"Particle",0,0,2,0,0,0,0,0,0,0,0,0,0,0,0,0
30906179,"Allometric engineering",0,0,2,0,0,0,0,0,0,0,0,0,0,0,0,0
31016805,"Benjamin Franklin Award (Bioinformatics)",0,0,2,0,0,0,0,0,0,0,0,0,0,0,0,0
31031591,"Californium compounds",0,0,2,0,0,0,0,0,0,0,0,0,0,0,0,0
31055769,"Autoprotolysis",0,0,2,0,0,0,0,0,0,0,0,0,0,0,0,0
31135217,"H. H. Bloomer Award",0,0,2,0,0,0,0,0,0,0,0,0,0,0,0,0
31150618,"AKLT model",0,0,2,0,0,0,0,0,0,0,0,0,0,0,0,0
31160256,"List of elements by symbol",0,0,2,0,0,0,0,0,0,0,0,0,0,0,0,0
31338378,"Boolean-valued",0,0,2,0,0,0,0,0,0,0,0,0,0,0,0,0
31422050,"Berkelium compounds",0,0,2,0,0,0,0,0,0,0,0,0,0,0,0,0
31528482,"Lobachevsky (song)",0,0,2,0,0,0,0,0,0,0,0,0,0,0,0,0
31706469,"List of chemical elements named after people",0,0,2,0,0,0,0,0,0,0,0,0,0,0,0,0
31732740,"List of chemical elements named after places",0,0,2,0,0,0,0,0,0,0,0,0,0,0,0,0
31999888,"Coorbit theory",0,0,2,0,0,0,0,0,0,0,0,0,0,0,0,0
32173469,"2-EHA",0,0,2,0,0,0,0,0,0,0,0,0,0,0,0,0
32421096,"Lists of metalloids",0,0,2,0,0,0,0,0,0,0,0,0,0,0,0,0
32504628,"4'-O-glucoside",0,0,2,0,0,0,0,0,0,0,0,0,0,0,0,0
33064180,"Coulson–Fischer theory",0,0,2,0,0,0,0,0,0,0,0,0,0,0,0,0
33543938,"Outline of mathematics",0,0,2,0,0,0,0,0,0,0,0,0,0,0,0,0
33563967,"Block (periodic table)",0,0,2,0,0,0,0,0,0,0,0,0,0,0,0,0
34189212,"Glossary of areas of mathematics",0,0,2,0,0,0,0,0,0,0,0,0,0,0,0,0
34738898,"List of books on popular physics concepts",0,0,2,0,0,0,0,0,0,0,0,0,0,0,0,0
35321461,"Canonical cover",0,0,2,0,0,0,0,0,0,0,0,0,0,0,0,0
35370028,"Lead compounds",0,0,2,0,0,0,0,0,0,0,0,0,0,0,0,0
35474809,"Roles of chemical elements",0,0,2,0,0,0,0,0,0,0,0,0,0,0,0,0
35818365,"Journal of Mathematics and the Arts",0,0,2,0,0,0,0,0,0,0,0,0,0,0,0,0
35997283,"Atmospheric carbon cycle",0,0,2,0,0,0,0,0,0,0,0,0,0,0,0,0
36084923,"Quantum fiction",0,0,2,0,0,0,0,0,0,0,0,0,0,0,0,0
36594950,"Breakthrough Prize in Fundamental Physics",0,0,2,0,0,0,0,0,0,0,0,0,0,0,0,0
36842070,"Antiproton Collector",0,0,2,0,0,0,0,0,0,0,0,0,0,0,0,0
36842201,"Antiproton Accumulator",0,0,2,0,0,0,0,0,0,0,0,0,0,0,0,0
37596615,"Asymptotic safety in quantum gravity",0,0,2,0,0,0,0,0,0,0,0,0,0,0,0,0
37674773,"Heisenberg cut",0,0,2,0,0,0,0,0,0,0,0,0,0,0,0,0
37848409,"A.O. Kovalevsky Medal",0,0,2,0,0,0,0,0,0,0,0,0,0,0,0,0
37939813,"PBR theorem",0,0,2,0,0,0,0,0,0,0,0,0,0,0,0,0
38438395,"Index of physics articles",0,0,2,0,0,0,0,0,0,0,0,0,0,0,0,0
38586943,"Breakthrough Prize in Life Sciences",0,0,2,0,0,0,0,0,0,0,0,0,0,0,0,0
38907546,"Fourth dimension in art",0,0,2,0,0,0,0,0,0,0,0,0,0,0,0,0
39292926,"Fluorine compounds",0,0,2,0,0,0,0,0,0,0,0,0,0,0,0,0
39419082,"Alkaline hydrolysis",0,0,2,0,0,0,0,0,0,0,0,0,0,0,0,0
40116557,"Calkin correspondence",0,0,2,0,0,0,0,0,0,0,0,0,0,0,0,0
40117035,"Commutator subspace",0,0,2,0,0,0,0,0,0,0,0,0,0,0,0,0
40284592,"Chiral Potts model",0,0,2,0,0,0,0,0,0,0,0,0,0,0,0,0
40400729,"Limiting case (mathematics)",0,0,2,0,0,0,0,0,0,0,0,0,0,0,0,0
41302121,"List of mathematical constants",0,0,2,0,0,0,0,0,0,0,0,0,0,0,0,0
41469204,"Epistemological Letters",0,0,2,0,0,0,0,0,0,0,0,0,0,0,0,0
41561062,"Base anhydride",0,0,2,0,0,0,0,0,0,0,0,0,0,0,0,0
41853232,"Biotechnology Heritage Award",0,0,2,0,0,0,0,0,0,0,0,0,0,0,0,0
41963486,"ADOMAH (periodic table)",0,0,2,0,0,0,0,0,0,0,0,0,0,0,0,0
41966758,"Period 10 element",0,0,2,0,0,0,0,0,0,0,0,0,0,0,0,0
42209150,"Naming of chemical elements",0,0,2,0,0,0,0,0,0,0,0,0,0,0,0,0
42452243,"Beit Memorial Fellowships for Medical Research",0,0,2,0,0,0,0,0,0,0,0,0,0,0,0,0
42981259,"List of animals that produce silk",0,0,2,0,0,0,0,0,0,0,0,0,0,0,0,0
43180070,"Actinide chemistry",0,0,2,0,0,0,0,0,0,0,0,0,0,0,0,0
43240637,"Bohr–Sommerfeld model",0,0,2,0,0,0,0,0,0,0,0,0,0,0,0,0
43794088,"Germanene",0,0,2,0,0,0,0,0,0,0,0,0,0,0,0,0
44192006,"Lieb–Oxford inequality",0,0,2,0,0,0,0,0,0,0,0,0,0,0,0,0
44357613,"Källén function",0,0,2,0,0,0,0,0,0,0,0,0,0,0,0,0
44893854,"Infrared Nanospectroscopy (AFM-IR)",0,0,2,0,0,0,0,0,0,0,0,0,0,0,0,0
45348419,"Helium dimer",0,0,2,0,0,0,0,0,0,0,0,0,0,0,0,0
45452439,"Helium compounds",0,0,2,0,0,0,0,0,0,0,0,0,0,0,0,0
46270431,"European Society for Mathematics and the Arts",0,0,2,0,0,0,0,0,0,0,0,0,0,0,0,0
46357675,"Cosmic Ray Energetics and Mass Experiment",0,0,2,0,0,0,0,0,0,0,0,0,0,0,0,0
46591506,"Helium trimer",0,0,2,0,0,0,0,0,0,0,0,0,0,0,0,0
46840722,"Air pollution measurement",0,0,2,0,0,0,0,0,0,0,0,0,0,0,0,0
47012245,"1,3-DCP",0,0,2,0,0,0,0,0,0,0,0,0,0,0,0,0
47121936,"The Bridges Organization",0,0,2,0,0,0,0,0,0,0,0,0,0,0,0,0
47218791,"Centrifugal mechanism of acceleration",0,0,2,0,0,0,0,0,0,0,0,0,0,0,0,0
47304362,"Mathematical sculpture",0,0,2,0,0,0,0,0,0,0,0,0,0,0,0,0
47708636,"List of misidentified chemical elements",0,0,2,0,0,0,0,0,0,0,0,0,0,0,0,0
48640009,"Complete active space perturbation theory",0,0,2,0,0,0,0,0,0,0,0,0,0,0,0,0
48750239,"Clumped isotopes",0,0,2,0,0,0,0,0,0,0,0,0,0,0,0,0
48779551,"Mathematical constant",0,0,2,0,0,0,0,0,0,0,0,0,0,0,0,0
48999251,"Chemoproteomics",0,0,2,0,0,0,0,0,0,0,0,0,0,0,0,0
49159269,"APC Family",0,0,2,0,0,0,0,0,0,0,0,0,0,0,0,0
49162176,"AGCS family",0,0,2,0,0,0,0,0,0,0,0,0,0,0,0,0
49229350,"List of American Chemical Society national awards",0,0,2,0,0,0,0,0,0,0,0,0,0,0,0,0
49629857,"Belle II experiment",0,0,2,0,0,0,0,0,0,0,0,0,0,0,0,0
50484198,"Accelerated solvent extraction",0,0,2,0,0,0,0,0,0,0,0,0,0,0,0,0
50841650,"ALPHA experiment",0,0,2,0,0,0,0,0,0,0,0,0,0,0,0,0
50841676,"AEgIS experiment",0,0,2,0,0,0,0,0,0,0,0,0,0,0,0,0
50947151,"Chemical Probes Portal",0,0,2,0,0,0,0,0,0,0,0,0,0,0,0,0
51072766,"30 cm Bubble Chamber (CERN)",0,0,2,0,0,0,0,0,0,0,0,0,0,0,0,0
51529492,"Acquired neuroprotection",0,0,2,0,0,0,0,0,0,0,0,0,0,0,0,0
51721949,"Argon compounds",0,0,2,0,0,0,0,0,0,0,0,0,0,0,0,0
52347214,"Explosive antimony",0,0,2,0,0,0,0,0,0,0,0,0,0,0,0,0
52445126,"Bristol-Myers Squibb Awards",0,0,2,0,0,0,0,0,0,0,0,0,0,0,0,0
52475123,"7-Hydroxy-DHEA",0,0,2,0,0,0,0,0,0,0,0,0,0,0,0,0
52508032,"Batchelor Prize",0,0,2,0,0,0,0,0,0,0,0,0,0,0,0,0
52587993,"Dungeons, Dungeons & More Dungeons",0,0,2,0,0,0,0,0,0,0,0,0,0,0,0,0
52722478,"Fractal expressionism",0,0,2,0,0,0,0,0,0,0,0,0,0,0,0,0
53252845,"Glossary of calculus",0,0,2,0,0,0,0,0,0,0,0,0,0,0,0,0
54096927,"SuperKEKB",0,0,2,0,0,0,0,0,0,0,0,0,0,0,0,0
54182471,"Anomalous oxygen",0,0,2,0,0,0,0,0,0,0,0,0,0,0,0,0
54290686,"ARC Centre of Excellence in Future Low-Energy Electronics Technologies",0,0,2,0,0,0,0,0,0,0,0,0,0,0,0,0
54400216,"Assimitron",0,0,2,0,0,0,0,0,0,0,0,0,0,0,0,0
54424157,"Biotron (Wisconsin)",0,0,2,0,0,0,0,0,0,0,0,0,0,0,0,0
54426651,"Ackermann's formula",0,0,2,0,0,0,0,0,0,0,0,0,0,0,0,0
54431721,"Algatron",0,0,2,0,0,0,0,0,0,0,0,0,0,0,0,0
54704339,"Manhunt (2017 TV series)",0,0,2,0,0,0,0,0,0,0,0,0,0,0,0,0
54976053,"LArIAT",0,0,2,0,0,0,0,0,0,0,0,0,0,0,0,0
55912118,"European Solar Physics Division",0,0,2,0,0,0,0,0,0,0,0,0,0,0,0,0
56040620,"3'-Fluoro-3'-deoxythymidine",0,0,2,0,0,0,0,0,0,0,0,0,0,0,0,0
56456637,"Dirubidium",0,0,2,0,0,0,0,0,0,0,0,0,0,0,0,0
56628130,"Diargon",0,0,2,0,0,0,0,0,0,0,0,0,0,0,0,0
56659761,"CESRA",0,0,2,0,0,0,0,0,0,0,0,0,0,0,0,0
56870352,"Aryabhata Award",0,0,2,0,0,0,0,0,0,0,0,0,0,0,0,0
57235111,"Crinkled arc",0,0,2,0,0,0,0,0,0,0,0,0,0,0,0,0
57458855,"Beverton Medal",0,0,2,0,0,0,0,0,0,0,0,0,0,0,0,0
57497987,"+ h.c.",0,0,2,0,0,0,0,0,0,0,0,0,0,0,0,0
57855428,"Continent of stability",0,0,2,0,0,0,0,0,0,0,0,0,0,0,0,0
58190388,"List of works by Petr Vaníček",0,0,2,0,0,0,0,0,0,0,0,0,0,0,0,0
58558772,"Archinephros",0,0,2,0,0,0,0,0,0,0,0,0,0,0,0,0
58958793,"Beraha constants",0,0,2,0,0,0,0,0,0,0,0,0,0,0,0,0
59107367,"Unbihexium",0,0,2,0,0,0,0,0,0,0,0,0,0,0,0,0
59500886,"Classification of low-dimensional real Lie algebras",0,0,2,0,0,0,0,0,0,0,0,0,0,0,0,0
59627956,"Science Fell in Love, So I Tried to Prove It",0,0,2,0,0,0,0,0,0,0,0,0,0,0,0,0
60448457,"Quantum memory",0,0,2,0,0,0,0,0,0,0,0,0,0,0,0,0
60479715,"AMY (scientific instrument)",0,0,2,0,0,0,0,0,0,0,0,0,0,0,0,0
60602011,"Ana Achúcarro",0,0,2,0,0,0,0,0,0,0,0,0,0,0,0,0
61020908,"Cyclical monotonicity",0,0,2,0,0,0,0,0,0,0,0,0,0,0,0,0
61276647,"List of textbooks on classical mechanics and quantum mechanics",0,0,2,0,0,0,0,0,0,0,0,0,0,0,0,0
61681836,"AnIML",0,0,2,0,0,0,0,0,0,0,0,0,0,0,0,0
61692815,"Close coupling",0,0,2,0,0,0,0,0,0,0,0,0,0,0,0,0
61970353,"Mac Lane coherence theorem",0,0,2,0,0,0,0,0,0,0,0,0,0,0,0,0
61997772,"Compounds of aluminium",0,0,2,0,0,0,0,0,0,0,0,0,0,0,0,0
62170643,"Artificial lateral line",0,0,2,0,0,0,0,0,0,0,0,0,0,0,0,0
62285092,"Ace (quark model)",0,0,2,0,0,0,0,0,0,0,0,0,0,0,0,0
62770471,"List of biology awards",0,0,2,0,0,0,0,0,0,0,0,0,0,0,0,0
62770507,"List of chemistry awards",0,0,2,0,0,0,0,0,0,0,0,0,0,0,0,0
62770607,"List of physics awards",0,0,2,0,0,0,0,0,0,0,0,0,0,0,0,0
63833993,"Making Mathematics with Needlework",0,0,2,0,0,0,0,0,0,0,0,0,0,0,0,0
64099901,"Continuous spontaneous localization model",0,0,2,0,0,0,0,0,0,0,0,0,0,0,0,0
64514718,"Aluminium monohydroxide",0,0,2,0,0,0,0,0,0,0,0,0,0,0,0,0
65136309,"Nuclear ensemble approach",0,0,2,0,0,0,0,0,0,0,0,0,0,0,0,0
65243377,"Allotropes of arsenic",0,0,2,0,0,0,0,0,0,0,0,0,0,0,0,0
65276116,"Aluminium(I) nucleophiles",0,0,2,0,0,0,0,0,0,0,0,0,0,0,0,0
66000884,"List of nominees for the Nobel Prize in Chemistry",0,0,2,0,0,0,0,0,0,0,0,0,0,0,0,0
66423508,"List of laboratory biosecurity incidents",0,0,2,0,0,0,0,0,0,0,0,0,0,0,0,0
66478194,"Cayley configuration space",0,0,2,0,0,0,0,0,0,0,0,0,0,0,0,0
66487331,"Graph flattenability",0,0,2,0,0,0,0,0,0,0,0,0,0,0,0,0
66645249,"Atom localization",0,0,2,0,0,0,0,0,0,0,0,0,0,0,0,0
67419030,"Target 2035",0,0,2,0,0,0,0,0,0,0,0,0,0,0,0,0
67885610,"Centre for Materials Elaboration and Structural Studies",0,0,2,0,0,0,0,0,0,0,0,0,0,0,0,0
68140494,"Adrenal androgen-stimulating hormone",0,0,2,0,0,0,0,0,0,0,0,0,0,0,0,0
68283515,"BIO-LGCA",0,0,2,0,0,0,0,0,0,0,0,0,0,0,0,0
68288782,"Dark Matter (Crouch novel)",0,0,2,0,0,0,0,0,0,0,0,0,0,0,0,0
68291457,"Amine value",0,0,2,0,0,0,0,0,0,0,0,0,0,0,0,0
68292416,"List of research methods in biology",0,0,2,0,0,0,0,0,0,0,0,0,0,0,0,0
68446709,"Coulomb crystal",0,0,2,0,0,0,0,0,0,0,0,0,0,0,0,0
68578227,"Lentz's algorithm",0,0,2,0,0,0,0,0,0,0,0,0,0,0,0,0
68777315,"Classical probability density",0,0,2,0,0,0,0,0,0,0,0,0,0,0,0,0
68870278,"Finite promise games and greedy clique sequences",0,0,2,0,0,0,0,0,0,0,0,0,0,0,0,0
68926776,"Citrology",0,0,2,0,0,0,0,0,0,0,0,0,0,0,0,0
69601702,"Allotropes of fluorine",0,0,2,0,0,0,0,0,0,0,0,0,0,0,0,0
69732690,"Quasimorphism",0,0,2,0,0,0,0,0,0,0,0,0,0,0,0,0
69803965,"Electroreflectance",0,0,2,0,0,0,0,0,0,0,0,0,0,0,0,0
69975833,"Oxhydroelectric effect",0,0,2,0,0,0,0,0,0,0,0,0,0,0,0,0
70105931,"Cole–Davidson equation",0,0,2,0,0,0,0,0,0,0,0,0,0,0,0,0
70230746,"Kuckaraukia",0,0,2,0,0,0,0,0,0,0,0,0,0,0,0,0
70347574,"Exclusion zone (physics)",0,0,2,0,0,0,0,0,0,0,0,0,0,0,0,0
70501237,"GCD matrix",0,0,2,0,0,0,0,0,0,0,0,0,0,0,0,0
70504365,"Xerosydryle",0,0,2,0,0,0,0,0,0,0,0,0,0,0,0,0
70552242,"Bibijana Čujec",0,0,2,0,0,0,0,0,0,0,0,0,0,0,0,0
70564555,"Ultrasound-switchable fluorescence imaging",0,0,2,0,0,0,0,0,0,0,0,0,0,0,0,0